date,open,high,low,close,volume,unadjustedVolume,change,changePercent,vwap,label,changeOverTime
2017-09-01,135.6659,136.9685,133.6307,136.7242,7341133,7341133,136.7242,0,136.3059,"Sep 1, 17",0
2017-09-05,136.3986,136.7039,132.2468,132.2468,10832692,10832692,-4.4774,-3.275,133.9379,"Sep 5, 17",-0.03274767744115518
2017-09-06,132.6945,132.9591,130.2727,132.0229,10345913,10345913,-0.223876,-0.169,131.7168,"Sep 6, 17",-0.034385280733037774
2017-09-07,131.4734,132.1858,130.7001,131.6362,6382521,6382521,-0.386684,-0.293,131.6482,"Sep 7, 17",-0.03721360227377446
2017-09-08,132.084,132.6945,131.5548,131.9822,8099999,8099999,0.345983,0.263,132.0379,"Sep 8, 17",-0.034682960295251246
2017-09-11,132.7963,136.6835,132.6945,136.0526,11567033,11567033,4.0704,3.084,135.6485,"Sep 11, 17",-0.004912078476231594
2017-09-12,138.8001,140.9371,137.9875,139.4514,14631020,14631020,3.3988,2.498,139.3224,"Sep 12, 17",0.019946724866556253
2017-09-13,140.2248,141.6494,138.9833,141.4459,9223585,9223585,1.9945,1.43,140.643,"Sep 13, 17",0.034534486213852404
2017-09-14,141.6494,143.074,140.876,142.5042,12264841,12264841,1.0583,0.748,142.3762,"Sep 14, 17",0.04227488623082089
2017-09-15,142.9926,143.8881,141.4459,142.1785,32382148,32382148,-0.325628,-0.229,142.4857,"Sep 15, 17",0.039892718333696724
2017-09-18,142.4635,143.2165,141.6901,141.9954,7193708,7193708,-0.183166,-0.129,142.214,"Sep 18, 17",0.03855352600344338
2017-09-19,142.5042,142.6873,141.7308,142.5652,6713280,6713280,0.569852,0.401,142.3835,"Sep 19, 17",0.04272103987443341
2017-09-20,143.0333,143.4811,141.7717,143.2979,6812432,6812432,0.732672,0.514,142.8704,"Sep 20, 17",0.04808000339369331
2017-09-21,143.2979,143.4811,142.667,143.1147,4450285,4450285,-0.18317,-0.128,143.0847,"Sep 21, 17",0.04674007966402439
2017-09-22,142.7484,142.9316,141.8122,142.3821,4078750,4078750,-0.73267,-0.512,142.3726,"Sep 22, 17",0.04138184754418027
2017-09-25,142.6059,143.2368,140.8557,143.1554,6419196,6419196,0.773374,0.543,142.4676,"Sep 25, 17",0.04703775922623786
2017-09-26,142.9926,143.4316,141.0999,141.1406,5244251,5244251,-2.0148,-1.407,141.9783,"Sep 26, 17",0.032301523797542864
2017-09-27,141.4866,141.4866,138.9426,140.0212,7044021,7044021,-1.1194,-0.793,139.9549,"Sep 27, 17",0.024114238737546076
2017-09-28,139.2886,140.5707,137.925,140.5504,7885679,7885679,0.52915,0.378,139.8535,"Sep 28, 17",0.02798480444573821
2017-09-29,140.4283,141.2627,139.5531,140.8964,5746573,5746573,0.345983,0.246,140.7446,"Sep 29, 17",0.030515446424261423
2017-10-02,141.2424,143.3183,140.7336,143.3183,6044629,6044629,2.4219,1.719,142.0904,"Oct 2, 17",0.048229208874507934
2017-10-03,143.2979,143.7253,142.2602,143.1961,6796348,6796348,-0.12211,-0.085,142.9627,"Oct 3, 17",0.047335438788451534
2017-10-04,143.6439,144.3155,143.359,143.3793,5999448,5999448,0.183166,0.128,143.7223,"Oct 4, 17",0.048675362518120456
2017-10-05,144.1323,144.4987,142.9519,144.4376,5481589,5481589,1.0583,0.738,143.8997,"Oct 5, 17",0.05641576253508894
2017-10-06,144.0916,144.9668,143.7253,144.9464,4247331,4247331,0.508796,0.352,144.5673,"Oct 6, 17",0.06013712276246645
2017-10-09,144.9057,146.2896,144.4987,145.8826,5278932,5278932,0.936189,0.646,145.6066,"Oct 9, 17",0.06698448409279412
2017-10-10,145.6384,146.0251,144.8243,145.6587,4829699,4829699,-0.223872,-0.153,145.5619,"Oct 10, 17",0.06534688080091172
2017-10-11,145.5163,145.7808,144.3358,145.7605,5091115,5091115,0.101758,0.07,145.1716,"Oct 11, 17",0.0660914454061535
2017-10-12,145.5163,145.7808,144.9261,145.3127,4464655,4464655,-0.447741,-0.307,145.4955,"Oct 12, 17",0.0628162388223885
2017-10-13,145.5773,145.9233,144.8039,145.3738,5136216,5136216,0.061056,0.042,145.4284,"Oct 13, 17",0.0632631238654166
2017-10-16,146.1268,146.1472,144.112,144.3562,4336975,4336975,-1.0176,-0.7,144.5881,"Oct 16, 17",0.055820403410661794
2017-10-17,144.0916,144.3664,143.5421,144.2544,5606700,5606700,-0.101759,-0.07,144.0611,"Oct 17, 17",0.05507583880542002
2017-10-18,144.2137,144.4376,143.6032,144.0509,4755382,4755382,-0.203521,-0.141,143.9868,"Oct 18, 17",0.05358744099435226
2017-10-19,143.7863,144.6513,143.0537,144.2748,6006408,6006408,0.223871,0.155,144.2027,"Oct 19, 17",0.05522504428623465
2017-10-20,144.9057,145.2926,144.4987,144.865,7374262,7374262,0.590203,0.409,144.8654,"Oct 20, 17",0.0595417636380393
2017-10-23,146.4321,146.8998,145.3127,145.618,11205340,11205340,0.753025,0.52,145.9783,"Oct 23, 17",0.06504920123869805
2017-10-24,146.2082,146.7781,145.7401,146.2489,10364834,10364834,0.630909,0.433,146.2003,"Oct 24, 17",0.06966360015271617
2017-10-25,146.2489,146.7374,144.3562,144.7429,6559212,6559212,-1.506,-1.03,145.2983,"Oct 25, 17",0.05864872495139848
2017-10-26,147.2055,150.299,146.5949,148.6708,16846954,16846954,3.9279,2.714,148.4355,"Oct 26, 17",0.08737736260296289
2017-10-27,148.5691,148.7726,147.002,147.6329,8587317,8587317,-1.0379,-0.698,147.5926,"Oct 27, 17",0.07978616806680902
2017-10-30,147.1851,147.7753,145.5568,145.8826,5860821,5860821,-1.7503,-1.186,146.4762,"Oct 30, 17",0.06698448409279412
2017-10-31,146.3507,147.4802,145.7198,147.1648,6007601,6007601,1.2822,0.879,146.8108,"Oct 31, 17",0.0763624874016452
2017-11-01,148.7929,149.7495,147.1851,149.2203,7968525,7968525,2.0555,1.397,148.6179,"Nov 1, 17",0.09139640239255387
2017-11-02,146.5746,148.9761,145.6384,146.6153,10314302,10314302,-2.605,-1.746,146.7681,"Nov 2, 17",0.07234344761205401
2017-11-03,146.717,147.0834,144.2137,144.8243,8619088,8619088,-1.791,-1.222,144.8429,"Nov 3, 17",0.059244084075825626
2017-11-06,145.3127,145.9844,142.728,142.9519,9270953,9270953,-1.8724,-1.293,143.8677,"Nov 6, 17",0.045549361415170096
2017-11-07,144.2748,144.8039,143.1147,144.7836,6719034,6719034,1.8317,1.281,144.1588,"Nov 7, 17",0.058946404513612154
2017-11-08,145.1296,145.5163,143.9085,144.112,6091437,6091437,-0.671614,-0.464,144.3717,"Nov 8, 17",0.05403432603738035
2017-11-09,143.4811,143.5625,142.4838,142.9316,4529926,4529926,-1.1804,-0.819,142.9122,"Nov 9, 17",0.04540088733377125
2017-11-10,142.9316,143.4607,141.9343,142.4024,7127142,7127142,-0.529151,-0.37,142.516,"Nov 10, 17",0.04153032162557912
2017-11-13,145.3436,145.3845,143.2769,143.502,6865130,6865130,1.0995,0.772,143.9724,"Nov 13, 17",0.049572789601255766
2017-11-14,142.8267,143.0927,139.829,140.3098,8133045,8133045,-3.1921,-2.224,140.8559,"Nov 14, 17",0.026225057451424106
2017-11-15,139.5937,141.4762,139.1333,141.1283,14901145,14901145,0.818494,0.583,140.5614,"Nov 15, 17",0.03221156166940454
2017-11-16,141.9264,144.8115,141.333,144.6274,9595780,9595780,3.499,2.479,143.5692,"Nov 16, 17",0.05780395862619784
2017-11-17,144.566,145.7119,144.2591,144.7502,8784131,8784131,0.122771,0.085,144.9072,"Nov 17, 17",0.05870211710874893
2017-11-20,144.5865,145.8347,144.3409,144.9752,5600160,5600160,0.225088,0.156,145.1125,"Nov 20, 17",0.06034776579420472
2017-11-21,146.1007,146.868,145.4868,145.8142,8091913,8091913,0.838954,0.579,146.0506,"Nov 21, 17",0.06648420689241556
2017-11-22,145.9984,146.0597,144.4637,144.4637,6403981,6403981,-1.3505,-0.926,144.7094,"Nov 22, 17",0.05660665778260171
2017-11-24,144.4637,146.0802,144.3204,145.6096,2636225,2636225,1.1459,0.793,145.3859,"Nov 24, 17",0.0649877636877744
2017-11-27,145.3436,145.3845,143.2769,143.502,6865430,6865430,-2.1076,-1.447,143.9724,"Nov 27, 17",0.049572789601255766
2017-11-28,143.8498,145.6914,143.502,145.4663,8536608,8536608,1.9644,1.369,144.9328,"Nov 28, 17",0.0639396683249929
2017-11-29,145.63,147.1852,145.0162,146.8782,6437722,6437722,1.4119,0.971,146.4634,"Nov 29, 17",0.07426629667608219
2017-11-30,146.9601,149.0268,146.1817,147.2466,8947524,8947524,0.368321,0.251,147.3368,"Nov 30, 17",0.07696077212373527
2017-12-01,147.9832,148.5766,144.6069,145.3026,7635467,7635467,-1.9439,-1.32,145.9717,"Dec 1, 17",0.06274236748139697
2017-12-04,146.7555,149.3491,146.3053,147.5944,8568660,8568660,2.2918,1.577,148.2774,"Dec 4, 17",0.07950457929174215
2017-12-05,149.2519,149.7839,146.3053,146.3871,8653891,8653891,-1.2073,-0.818,147.3244,"Dec 5, 17",0.07067439414529401
2017-12-06,146.6327,146.8987,145.1799,145.4459,5718907,5718907,-0.941261,-0.643,145.7362,"Dec 6, 17",0.06379046284417828
2017-12-07,145.2822,146.3053,144.975,146.0393,6199520,6199520,0.593403,0.408,145.8778,"Dec 7, 17",0.06813058697728713
2017-12-08,145.7119,146.3462,143.8907,144.7297,8554883,8554883,-1.3096,-0.897,145.1497,"Dec 8, 17",0.058552180228518526
2017-12-11,144.832,146.1211,144.6274,144.8934,6637423,6637423,0.163698,0.113,145.1507,"Dec 11, 17",0.059749481072114655
2017-12-12,145.098,145.5891,144.5967,144.8525,9231704,9231704,-0.040924,-0.028,144.987,"Dec 12, 17",0.05945033871106941
2017-12-13,144.6274,145.3845,144.0954,144.3818,9708476,9708476,-0.47063,-0.325,144.7696,"Dec 13, 17",0.056007641661095856
2017-12-14,144.4841,145.1389,143.3792,143.8907,7043250,7043250,-0.491094,-0.34,144.2154,"Dec 14, 17",0.052415739130307684
2017-12-15,143.328,144.1363,142.9495,143.2359,16367655,16367655,-0.654795,-0.455,143.3299,"Dec 15, 17",0.04762653575592317
2017-12-18,144.0544,146.6941,143.727,146.0802,7101853,7101853,2.8443,1.986,146.0036,"Dec 18, 17",0.06842972933833216
2017-12-19,146.1211,146.8066,145.7323,146.1416,5166907,5166907,0.061388,0.042,146.2516,"Dec 19, 17",0.06887880857960782
2017-12-20,146.6531,147.4512,145.7733,145.8347,5837730,5837730,-0.306935,-0.21,146.2784,"Dec 20, 17",0.06663414377264597
2017-12-21,146.7964,146.9192,145.3026,146.5918,7250309,7250309,0.757103,0.519,146.4023,"Dec 21, 17",0.07217156874935096
2017-12-22,147.3079,148.0446,146.8373,147.5535,4378410,4378410,0.961731,0.656,147.5311,"Dec 22, 17",0.0792054369306971
2017-12-26,147.5535,147.6763,145.9165,146.1825,3230974,3230974,-1.371,-0.929,146.3525,"Dec 26, 17",0.06917795094065285
2017-12-27,146.6122,146.8168,145.8756,146.1825,4259551,4259551,0,0,146.1585,"Dec 27, 17",0.06917795094065285
2017-12-28,146.0597,146.5713,145.0571,146.3258,4343255,4343255,0.143237,0.098,146.0099,"Dec 28, 17",0.07022604630343414
2017-12-29,146.9396,147.0215,145.7323,145.7323,4745557,4745557,-0.593409,-0.406,146.0658,"Dec 29, 17",0.06588519077090971
2018-01-02,146.4485,147.7172,146.1007,147.1238,7430608,7430608,1.3914,0.955,146.7484,"Jan 2, 18",0.07606261364118418
2018-01-03,147.3489,149.6611,146.6941,149.4769,7885764,7885764,2.3532,1.599,148.9333,"Jan 3, 18",0.0932731732933892
2018-01-04,149.7225,152.9248,149.6611,152.3417,9716612,9716612,2.8647,1.916,152.1767,"Jan 4, 18",0.11422630375602862
2018-01-05,152.444,154.572,152.4235,154.3265,9140192,9140192,1.9848,1.303,153.9405,"Jan 5, 18",0.12874311935999636
2018-01-08,154.1628,154.4697,152.3826,153.7945,5822418,5822418,-0.532023,-0.345,153.6356,"Jan 8, 18",0.12485207446816295
2018-01-09,153.3443,156.209,152.7714,154.1628,7573431,7573431,0.368321,0.239,154.8249,"Jan 9, 18",0.12754581851640023
2018-01-10,153.4671,154.2242,151.2162,151.8301,7134595,7134595,-2.3327,-1.513,152.1715,"Jan 10, 18",0.11048446434500982
2018-01-11,152.2394,153.9377,151.8506,153.9173,5956914,5956914,2.0872,1.375,153.3931,"Jan 11, 18",0.12575023295071402
2018-01-12,154.6334,154.7497,153.4466,154.306,4982697,4982697,0.388783,0.253,154.1173,"Jan 12, 18",0.12859318247976595
2018-01-16,155.0222,156.2305,152.1166,153.3648,7237518,7237518,-0.941261,-0.61,153.8796,"Jan 16, 18",0.12170925117865021
2018-01-17,155.4519,156.2295,153.6512,155.0427,7768222,7768222,1.6779,1.094,155.1073,"Jan 17, 18",0.1339814019756561
2018-01-18,154.6334,156.8434,153.7126,155.5747,10220286,10220286,0.532021,0.343,155.653,"Jan 18, 18",0.13787244686748953
2018-01-19,156.516,156.516,155.0222,155.5338,8179008,8179008,-0.040926,-0.026,155.7855,"Jan 19, 18",0.1375733045064445
2018-01-22,155.0836,155.8816,154.0605,155.8816,6074526,6074526,0.347859,0.224,155.3698,"Jan 22, 18",0.14011711167445118
2018-01-23,155.2268,156.2704,154.7065,155.7998,5663582,5663582,-0.081845,-0.053,155.6194,"Jan 23, 18",0.1395188269523611
2018-01-24,156.0863,157.7232,154.7153,155.5338,9253691,9253691,-0.266014,-0.171,155.9686,"Jan 24, 18",0.1375733045064445
2018-01-25,156.1886,157.4982,155.943,156.8434,6660050,6660050,1.3096,0.842,156.8405,"Jan 25, 18",0.1471517112552131
2018-01-26,156.6797,157.6005,153.9991,157.6005,6201046,6201046,0.757101,0.483,157.008,"Jan 26, 18",0.1526891362319181
2018-01-29,157.6005,157.6823,155.1655,155.2473,5883221,5883221,-2.3532,-1.493,156.1552,"Jan 29, 18",0.13547784518029726
2018-01-30,154.4697,155.4724,153.3034,153.7331,7536597,7536597,-1.5142,-0.975,153.9876,"Jan 30, 18",0.1244029952268875
2018-01-31,154.2447,155.6156,153.0374,154.6539,10170190,10170190,0.920805,0.599,154.2679,"Jan 31, 18",0.1311377210471884
2018-02-01,152.8123,155.5133,150.2545,150.3977,13258373,13258373,-4.2562,-2.752,151.6893,"Feb 1, 18",0.10000789911369012
2018-02-02,149.4974,149.968,144.5455,145.0571,12794618,12794618,-5.3407,-3.551,146.2968,"Feb 2, 18",0.06094678191571057
2018-02-05,143.6247,147.0526,137.1586,138.8161,19108846,19108846,-6.241,-4.302,142.041,"Feb 5, 18",0.015300144378244741
2018-02-06,136.3402,147.2261,135.4398,147.1033,23151934,23151934,8.2872,5.97,142.9348,"Feb 6, 18",0.07591267676095376
2018-02-07,145.2003,147.6149,144.3,144.4637,11215147,11215147,-2.6396,-1.794,146.0801,"Feb 7, 18",0.05660665778260171
2018-02-08,144.6069,146.2644,139.389,139.5732,13079261,13079261,-4.8905,-3.385,142.3147,"Feb 8, 18",0.02083756935494973
2018-02-09,140.9032,143.6861,137.5884,142.1719,13137503,13137503,2.5987,1.862,140.4487,"Feb 9, 18",0.03984444597225654
2018-02-12,143.6452,147.4307,143.5838,147.001,10242542,10242542,4.8291,3.397,145.8944,"Feb 12, 18",0.07516445515863328
2018-02-13,145.9779,146.8168,144.4637,144.7706,6619120,6619120,-2.2304,-1.517,145.5024,"Feb 13, 18",0.058851322589563555
2018-02-14,143.2155,146.3053,143.0313,145.9574,7483385,7483385,1.1868,0.82,145.125,"Feb 14, 18",0.06753157085578128
2018-02-15,147.4512,147.84,145.0366,147.0215,6405878,6405878,1.064,0.729,146.6823,"Feb 15, 18",0.0753143920388637
2018-02-16,146.6327,149.2621,146.3258,147.2261,6939146,6939146,0.204623,0.139,147.7007,"Feb 16, 18",0.07681083524350485
2018-02-20,146.5099,148.0241,145.9574,146.5508,6743006,6743006,-0.675254,-0.459,146.9543,"Feb 20, 18",0.07187169498889014
2018-02-21,146.3053,148.6584,145.1185,145.2003,7298841,7298841,-1.3505,-0.922,146.6689,"Feb 21, 18",0.06199414587907629
2018-02-22,145.9574,148.6891,145.6914,147.1852,6506456,6506456,1.9848,1.367,147.3729,"Feb 22, 18",0.07651169288245982
2018-02-23,148.2697,150.1317,146.7145,149.9066,6021458,6021458,2.7215,1.849,148.8742,"Feb 23, 18",0.09641599658290194
2018-02-26,150.234,151.6664,149.4769,151.5436,6646957,6646957,1.637,1.092,150.94,"Feb 26, 18",0.10838900501886281
2018-02-27,150.7004,151.8316,148.8287,148.8287,6727280,6727280,-2.7149,-1.792,150.0095,"Feb 27, 18",0.08853224228044489
2018-02-28,149.1166,150.0628,144.4889,144.5917,8154011,8154011,-4.237,-2.847,146.4616,"Feb 28, 18",0.05754284903477224
2018-03-01,144.2626,144.9825,140.6016,141.4243,10963015,10963015,-3.1674,-2.191,142.478,"Mar 1, 18",0.0343765039400486
2018-03-02,140.4164,141.5065,139.1412,140.7455,9488512,9488512,-0.678735,-0.48,140.539,"Mar 2, 18",0.029411764705882328
2018-03-05,139.82,143.9541,138.8944,143.2754,9278886,9278886,2.5298,1.797,141.8839,"Mar 5, 18",0.047915438525147666
2018-03-06,144.2009,147.4712,143.2548,145.5995,6677548,6677548,2.3242,1.622,145.4128,"Mar 6, 18",0.06491389234678287
2018-03-07,143.2754,145.0031,142.7817,144.3243,7748132,7748132,-1.2752,-0.876,144.1063,"Mar 7, 18",0.05558708699703489
2018-03-08,145.0031,145.6201,143.3525,145.1676,5739209,5739209,0.843278,0.584,144.528,"Mar 8, 18",0.061754978270123335
2018-03-09,145.7229,148.6436,145.2293,148.5613,5267737,5267737,3.3937,2.338,147.6268,"Mar 9, 18",0.08657648024270753
2018-03-12,148.5819,150.6181,146.4017,146.7308,6995596,6995596,-1.8305,-1.232,147.649,"Mar 12, 18",0.07318821393725465
2018-03-13,148.2116,148.9727,145.1059,145.147,11534414,11534414,-1.5837,-1.079,146.4844,"Mar 13, 18",0.06160430999047715
2018-03-14,145.8669,145.8669,141.6299,141.8973,8393876,8393876,-3.2497,-2.239,142.7602,"Mar 14, 18",0.03783602317658472
2018-03-15,142.103,142.4924,139.5937,139.6143,9032509,9032509,-2.283,-1.609,140.7204,"Mar 15, 18",0.021138174514826122
2018-03-16,138.9356,141.2392,138.5859,139.7788,17712716,17712716,0.164543,0.118,139.8583,"Mar 16, 18",0.022341326553748302
2018-03-19,139.3881,139.5732,135.367,136.8994,12865065,12865065,-2.8795,-2.06,136.746,"Mar 19, 18",0.0012814117764084047
2018-03-20,137.537,138.1746,135.9532,136.5497,10390941,10390941,-0.349653,-0.255,136.7408,"Mar 20, 18",-0.0012762919804979278
2018-03-21,136.5497,141.0129,136.0766,138.6888,8183916,8183916,2.1391,1.567,138.793,"Mar 21, 18",0.014369072921984478
2018-03-22,137.4341,138.8533,134.7192,134.966,8923993,8923993,-3.7228,-2.684,136.2944,"Mar 22, 18",-0.012859464527859648
2018-03-23,135.0482,135.8504,129.4904,129.7006,13309621,13309621,-5.2654,-3.901,131.5119,"Mar 23, 18",-0.0513705693651891
2018-03-26,131.0992,132.7652,128.4048,132.6212,10362691,10362691,2.9206,2.252,130.9307,"Mar 26, 18",-0.030009318028556824
2018-03-27,133.0943,134.7192,129.8652,130.8936,11457836,11457836,-1.7277,-1.303,132.4374,"Mar 27, 18",-0.042644974335194534
2018-03-28,131.4077,132.5801,128.1889,128.3637,11078758,11078758,-2.5298,-1.933,129.8059,"Mar 28, 18",-0.06114864815445987
2018-03-29,128.7956,131.6957,128.158,131.0375,12034470,12034470,2.6738,2.083,129.9466,"Mar 29, 18",-0.041592490575918545
2018-04-02,130.7496,131.8808,126.019,127.6027,11698449,11698449,-3.4348,-2.621,127.86,"Apr 2, 18",-0.06671459770837933
2018-04-03,128.0758,131.2021,126.4098,130.2354,11797865,11797865,2.6327,2.063,129.1647,"Apr 3, 18",-0.047459045289714605
2018-04-04,127.541,131.1815,126.1218,130.9964,10645852,10645852,0.761009,0.584,129.0185,"Apr 4, 18",-0.041893095735795145
2018-04-05,131.6546,134.9454,131.5106,134.5958,10358543,10358543,3.5994,2.748,133.9018,"Apr 5, 18",-0.01556710516499639
2018-04-06,133.3206,133.6702,129.9886,131.0375,11325014,11325014,-3.5582,-2.644,131.5702,"Apr 6, 18",-0.041592490575918545
2018-04-09,131.6546,132.6009,130.5439,130.9964,12640092,12640092,-0.041133,-0.031,131.6877,"Apr 9, 18",-0.041893095735795145
2018-04-10,133.3823,136.7348,133.3823,135.5213,9250465,9250465,4.5249,3.454,135.5305,"Apr 10, 18",-0.008798003572154744
2018-04-11,133.9582,134.2255,132.5801,133.1354,6872275,6872275,-2.3859,-1.761,133.3784,"Apr 11, 18",-0.02624846223272831
2018-04-12,134.0816,137.4958,133.8967,136.7142,8044492,8044492,3.5788,2.688,136.4827,"Apr 12, 18",-0.00007313994157574815
2018-04-13,137.8043,138.5242,135.5007,136.0972,6083581,6083581,-0.617034,-0.451,136.7837,"Apr 13, 18",-0.004585874336803649
2018-04-16,137.1667,138.3597,135.9121,137.8249,5507469,5507469,1.7277,1.269,137.4688,"Apr 16, 18",0.00805051336925005
2018-04-17,138.6065,139.6143,137.8866,138.9356,10950282,10950282,1.1107,0.806,138.8091,"Apr 17, 18",0.01617416668007564
2018-04-18,139.2029,140.6016,138.6065,139.9845,6650957,6650957,1.049,0.755,139.8688,"Apr 18, 18",0.023845815151962865
2018-04-19,139.3675,139.5115,136.1589,136.8376,10144215,10144215,-3.1469,-2.248,137.0358,"Apr 19, 18",0.0008294069374698322
2018-04-20,136.8994,137.7221,134.9454,135.8298,8723797,8723797,-1.0078,-0.737,135.9305,"Apr 20, 18",-0.006541636374540793
2018-04-23,135.4802,135.871,134.7397,134.9248,5293914,5293914,-0.904986,-0.666,135.1707,"Apr 23, 18",-0.01316080108715203
2018-04-24,135.7681,136.1178,128.2197,129.9474,12438746,12438746,-4.9774,-3.689,131.0968,"Apr 24, 18",-0.04956547560709815
2018-04-25,130.2765,131.1095,128.4254,130.8936,7865687,7865687,0.946119,0.728,130.2336,"Apr 25, 18",-0.042644974335194534
2018-04-26,131.2226,132.9709,130.7701,131.7163,13409495,13409495,0.822713,0.629,132.0115,"Apr 26, 18",-0.03662775134175228
2018-04-27,131.5312,133.6291,130.9347,132.2922,6992843,6992843,0.575897,0.437,132.4464,"Apr 27, 18",-0.032415622106400976
2018-04-30,133.1354,133.4851,130.0708,130.0708,7369825,7369825,-2.2213,-1.679,130.9424,"Apr 30, 18",-0.04866292872805257
2018-05-01,130.0091,130.3382,127.4608,129.7006,7165070,7165070,-0.370223,-0.285,128.613,"May 1, 18",-0.0513705693651891
2018-05-02,129.2276,131.49,129.2276,130.585,8669545,8669545,0.884417,0.682,130.3433,"May 2, 18",-0.044902072932224056
2018-05-03,131.2226,134.6986,127.0679,130.5439,15473444,15473444,-0.041138,-0.032,130.0468,"May 3, 18",-0.04520267809210066
2018-05-04,130.0091,134.1433,129.0013,132.6007,7921261,7921261,2.0568,1.576,132.483,"May 4, 18",-0.030159254908787233
2018-05-07,132.6624,134.4929,132.4361,133.5262,6706217,6706217,0.925551,0.698,133.6622,"May 7, 18",-0.023390153315945586
2018-05-08,132.7858,133.3617,131.1198,132.1071,6000101,6000101,-1.4192,-1.063,132.2561,"May 8, 18",-0.03376944242496935
2018-05-09,133.1354,136.0561,133.0326,135.8093,10312284,10312284,3.7022,2.802,134.9109,"May 9, 18",-0.006691573254771202
2018-05-10,136.0561,139.2441,135.9121,137.7015,7500630,7500630,1.8922,1.393,137.7123,"May 10, 18",0.0071479664902044686
2018-05-11,138.0306,139.059,137.2079,137.6604,6451183,6451183,-0.041133,-0.03,138.1876,"May 11, 18",0.00684736133032787
2018-05-14,138.1951,139.3469,137.8866,138.8944,6628273,6628273,1.2341,0.896,138.6377,"May 14, 18",0.015872830120783256
2018-05-15,137.9483,138.7093,136.7965,138.1129,5971048,5971048,-0.781576,-0.563,137.9082,"May 15, 18",0.010156943686633384
2018-05-16,137.9894,140.0462,137.4135,139.9228,6053441,6053441,1.81,1.311,139.4722,"May 16, 18",0.023394541712440074
2018-05-17,139.4703,141.198,139.2852,140.1902,8120467,8120467,0.26738,0.191,140.3074,"May 17, 18",0.025350303750177425
2018-05-18,139.82,140.4576,138.5653,138.9767,6011909,6011909,-1.2135,-0.866,139.168,"May 18, 18",0.01647477183995224
2018-05-21,139.8611,141.4654,139.8611,141.1569,8146298,8146298,2.1802,1.569,140.9642,"May 21, 18",0.03242074190231145
2018-05-22,141.198,141.3317,138.4625,138.771,6128861,6128861,-2.3859,-1.69,140.0137,"May 22, 18",0.014970283241737676
2018-05-23,137.5575,138.082,136.0766,137.8866,7170855,7170855,-0.884421,-0.637,137.2577,"May 23, 18",0.008501786808772631
2018-05-24,137.2079,138.4419,135.6447,136.5291,5254746,5254746,-1.3575,-0.984,136.6427,"May 24, 18",-0.0014269602601441186
2018-05-25,135.9944,136.0561,134.5341,135.1511,7132517,7132517,-1.378,-1.009,135.1568,"May 25, 18",-0.011505644209291278
2018-05-29,133.7936,134.5341,130.6673,131.5106,9894903,9894903,-3.6405,-2.694,131.9902,"May 29, 18",-0.03813223993996663
2018-05-30,132.4417,134.6763,132.421,134.0555,7184596,7184596,2.545,1.935,133.8021,"May 30, 18",-0.01951885620833767
2018-05-31,133.9728,134.2831,132.5244,132.6486,11932126,11932126,-1.407,-1.05,133.0177,"May 31, 18",-0.02980891458863909
2018-06-01,134.2211,137.6971,133.3934,136.9109,8903138,8903138,4.2623,3.213,136.2844,"Jun 1, 18",0.0013655227092204735
2018-06-04,137.5937,139.5179,137.3661,138.8972,9338432,9338432,1.9863,1.451,138.8449,"Jun 4, 18",0.015893309304424542
2018-06-05,139.311,142.5801,138.9386,140.4697,10348197,10348197,1.5725,1.132,140.6549,"Jun 5, 18",0.027394565117221333
2018-06-06,140.78,145.1665,140.4076,144.9182,13919388,13919388,4.4485,3.167,143.7129,"Jun 6, 18",0.05993086812722267
2018-06-07,144.7113,145.6631,142.6422,143.6354,9312759,9312759,-1.2828,-0.885,143.9479,"Jun 7, 18",0.05054847642187709
2018-06-08,143.6768,144.8561,141.7939,143.7802,6227713,6227713,0.144837,0.101,143.5802,"Jun 8, 18",0.05160754277589492
2018-06-11,143.863,144.5665,142.6629,143.7802,6776904,6776904,0,0,143.9342,"Jun 11, 18",0.05160754277589492
2018-06-12,144.1113,144.8975,143.2629,144.3802,7522997,7522997,0.600031,0.417,144.1367,"Jun 12, 18",0.05599593927044375
2018-06-13,144.3595,144.5044,141.8146,141.8767,9395538,9395538,-2.5036,-1.734,142.6671,"Jun 13, 18",0.037685354896938535
2018-06-14,142.5388,142.7664,140.78,141.4835,7463077,7463077,-0.393125,-0.277,141.5128,"Jun 14, 18",0.034809492394177445
2018-06-15,140.5938,140.9663,138.5454,140.18,17299552,17299552,-1.3035,-0.921,140.0542,"Jun 15, 18",0.025275701009770113
2018-06-18,138.98,140.6042,138.5661,140.2628,6563654,6563654,0.082763,0.059,139.9022,"Jun 18, 18",0.025881299726017798
2018-06-19,138.2351,138.2351,134.43,137.304,10741333,10741333,-2.9588,-2.109,136.1631,"Jun 19, 18",0.004240653812565777
2018-06-20,137.5937,137.5937,135.4211,136.3315,7191427,7191427,-0.972465,-0.708,136.3398,"Jun 20, 18",-0.002872205505682174
2018-06-21,136.0212,136.0212,134.5314,135.0694,6176499,6176499,-1.2621,-0.926,135.2828,"Jun 21, 18",-0.012103197531965771
2018-06-22,136.6626,139.1041,136.6626,138.6282,18217183,18217183,3.5588,2.635,138.454,"Jun 22, 18",0.013925844876035086
2018-06-25,137.3247,137.7075,134.6349,136.5177,8655304,8655304,-2.1105,-1.522,135.9097,"Jun 25, 18",-0.0015103397935406129
2018-06-26,137.6971,137.6971,136.1867,137.2005,5796598,5796598,0.682799,0.5,137.0655,"Jun 26, 18",0.003483655417256119
2018-06-27,137.6764,139.6627,135.7315,135.7522,7872445,7872445,-1.4484,-1.056,137.4332,"Jun 27, 18",-0.007109202321169248
2018-06-28,135.8143,137.3868,133.6831,136.8695,6815706,6815706,1.1173,0.823,135.6373,"Jun 28, 18",0.001062723351096527
2018-06-29,137.035,139.2696,136.3522,136.3936,6663630,6663630,-0.475886,-0.348,137.5596,"Jun 29, 18",-0.0024180064684964624
2018-07-02,135.5867,136.2488,133.9935,136.0832,6377874,6377874,-0.310361,-0.228,135.2711,"Jul 2, 18",-0.004688270255009655
2018-07-03,137.4902,138.0489,134.6763,134.8004,3583857,3583857,-1.2828,-0.943,136.0916,"Jul 3, 18",-0.014070661960355226
2018-07-05,135.9798,137.1178,134.6763,136.704,5908703,5908703,1.9036,1.412,136.1548,"Jul 5, 18",-0.00014774268198306117
2018-07-06,136.5591,137.2341,135.1315,136.4143,6140762,6140762,-0.289673,-0.212,136.397,"Jul 6, 18",-0.002266606789434489
2018-07-09,137.1178,138.1937,136.7453,138.1109,5906078,5906078,1.6966,1.244,137.6234,"Jul 9, 18",0.01014231569831815
2018-07-10,138.3178,140.987,138.3178,140.3042,8053856,8053856,2.1932,1.588,140.1942,"Jul 10, 18",0.026184099084141745
2018-07-11,138.6903,138.7523,136.0625,137.1798,6909204,6909204,-3.1243,-2.227,137.139,"Jul 11, 18",0.0033322557381941457
2018-07-12,138.2351,138.2351,136.1248,137.0764,4751456,4751456,-0.103454,-0.075,137.0666,"Jul 12, 18",0.0025759887423002694
2018-07-13,136.9936,138.3799,136.8488,137.304,4059710,4059710,0.227598,0.166,137.4763,"Jul 13, 18",0.004240653812565777
2018-07-16,137.6557,137.8004,134.9039,135.9798,5760123,5760123,-1.3242,-0.964,135.8455,"Jul 16, 18",-0.005444537250903532
2018-07-17,135.628,139.849,135.1315,138.7523,6170086,6170086,2.7726,2.039,138.3595,"Jul 17, 18",0.014833511550990936
2018-07-18,138.711,139.042,137.573,137.7799,5160011,5160011,-0.972466,-0.701,138.0583,"Jul 18, 18",0.007721383632158767
2018-07-19,137.6971,137.6971,135.6073,136.8488,7114186,7114186,-0.931086,-0.676,136.2952,"Jul 19, 18",0.0009113236720347615
2018-07-20,135.2556,136.7247,134.0762,136.1867,6248402,6248402,-0.662106,-0.484,136.0559,"Jul 20, 18",-0.003931271859699997
2018-07-23,136.3108,136.6212,135.5039,135.9384,6255559,6255559,-0.248289,-0.182,135.927,"Jul 23, 18",-0.005747336609027478
2018-07-24,136.5798,139.4145,135.9384,138.4627,6561640,6561640,2.5243,1.857,138.2719,"Jul 24, 18",0.012715378842955498
2018-07-25,137.9661,140.1386,137.6557,139.7248,5573255,5573255,1.2621,0.912,138.7702,"Jul 25, 18",0.02194637086923889
2018-07-26,140.449,141.8353,139.3938,141.2146,9703622,9703622,1.4897,1.066,140.8941,"Jul 26, 18",0.032842759365203776
2018-07-27,141.8353,142.6008,141.0904,141.4628,7393399,7393399,0.248289,0.176,141.6753,"Jul 27, 18",0.034658092715115475
2018-07-30,141.2766,142.994,140.5731,140.8007,6611197,6611197,-0.662103,-0.468,141.4146,"Jul 30, 18",0.029815497183380925
2018-07-31,141.4628,142.9733,141.2559,142.2905,7437854,7437854,1.4897,1.058,142.0708,"Jul 31, 18",0.04071188567934581
2018-08-01,141.6904,142.6732,140.1281,140.6145,6116996,6116996,-1.676,-1.178,141.109,"Aug 1, 18",0.028453631471239155
2018-08-02,136.6005,138.0075,134.759,137.4695,11174936,11174936,-3.145,-2.237,136.7336,"Aug 2, 18",0.0054511198456455735
2018-08-03,138.2144,139.9317,136.9522,138.2558,7558295,7558295,0.786247,0.572,138.1021,"Aug 3, 18",0.011202113451751755
2018-08-06,137.2833,140.987,137.1592,140.2007,5714558,5714558,1.9449,1.407,140.0669,"Aug 6, 18",0.025427100688832086
2018-08-07,140.5524,142.0422,140.3869,140.987,8063089,8063089,0.786246,0.561,141.3578,"Aug 7, 18",0.031178094294938268
2018-08-08,141.0904,141.5042,139.7248,139.9938,6385827,6385827,-0.993155,-0.704,140.1776,"Aug 8, 18",0.023913835297628343
2018-08-09,141.3801,143.8009,140.987,142.8077,8104275,8104275,2.8139,2.01,142.98,"Aug 9, 18",0.04449468345764696
2018-08-10,142.1591,142.1663,139.911,140.1593,7069242,7069242,-2.6484,-1.855,140.5544,"Aug 10, 18",0.02512430133070814
2018-08-13,140.0352,140.3766,136.6709,137.7799,6517998,6517998,-2.3794,-1.698,138.0332,"Aug 13, 18",0.007721383632158767
2018-08-14,138.2765,140.8628,138.2765,139.7869,7018137,7018137,2.007,1.457,139.8954,"Aug 14, 18",0.02240056990642481
2018-08-15,138.2351,138.3592,135.9384,137.5109,8185403,8185403,-2.276,-1.628,137.0187,"Aug 15, 18",0.005753919203769312
2018-08-16,138.6075,139.8283,137.7385,138.7937,7201517,7201517,1.2828,0.933,138.9116,"Aug 16, 18",0.015136310909114882
2018-08-17,138.9593,140.8007,138.4213,140.2628,6483157,6483157,1.469,1.058,139.681,"Aug 17, 18",0.025881299726017798
2018-08-20,140.6973,142.3836,140.5318,141.6904,7295553,7295553,1.4277,1.018,141.6427,"Aug 20, 18",0.03632275778538119
2018-08-21,141.6904,143.6768,141.3801,142.4146,8258507,8258507,0.724177,0.511,142.9418,"Aug 21, 18",0.04161955235430166
2018-08-22,142.4353,142.8491,141.0697,142.2698,4541197,4541197,-0.144832,-0.102,142.2876,"Aug 22, 18",0.040560486000283835
2018-08-23,141.8353,142.1456,140.3662,140.9249,5522717,5522717,-1.3449,-0.945,141.0091,"Aug 23, 18",0.030723895257752556
2018-08-24,141.6904,144.163,141.5249,143.2009,6207754,6207754,2.276,1.615,143.3195,"Aug 24, 18",0.047370545960407844
2018-08-27,144.1526,147.4839,143.8837,146.5114,10421162,10421162,3.3105,2.312,146.4167,"Aug 27, 18",0.07158352361908144
2018-08-28,147.1631,148.1048,145.5805,146.3666,5943159,5943159,-0.144837,-0.099,146.7762,"Aug 28, 18",0.07052445726506361
2018-08-29,146.5114,148.8288,145.4148,147.8149,8689986,8689986,1.4484,0.99,147.7047,"Aug 29, 18",0.08111731500348876
2018-08-30,147.1076,147.4613,145.1939,146.026,8632163,8632163,-1.7889,-1.21,145.9192,"Aug 30, 18",0.0680333108549914
2018-08-31,145.4643,146.7124,145.2563,145.8804,8130764,8130764,-0.14561,-0.1,145.8654,"Aug 31, 18",0.06696839330564752
2018-09-04,145.0899,146.13,144.029,145.0275,10032475,10032475,-0.85286,-0.585,144.9393,"Sep 4, 18",0.06073028768864625
2018-09-05,144.8403,146.7748,144.2786,145.7139,7314398,7314398,0.686447,0.473,145.6758,"Sep 5, 18",0.06575061327841011
2018-09-06,145.7139,147.274,145.0483,145.7763,6048046,6048046,0.062406,0.043,145.8896,"Sep 6, 18",0.06620700651384316
2018-09-07,144.6739,145.9012,143.5714,145.6099,7566210,7566210,-0.166413,-0.114,145.3091,"Sep 7, 18",0.06498995788602174
2018-09-10,146.2964,146.7644,145.5475,145.7347,8517642,8517642,0.124811,0.086,145.9476,"Sep 10, 18",0.06590274435688787
2018-09-11,144.5907,146.754,143.9042,145.7763,7651033,7651033,0.041602,0.029,145.8591,"Sep 11, 18",0.06620700651384316
2018-09-12,145.5891,145.7763,143.7378,144.029,7846599,7846599,-1.7473,-1.199,144.5858,"Sep 12, 18",0.0534272645223011
2018-09-13,144.9027,146.13,143.1554,143.3634,7118238,7118238,-0.665648,-0.462,144.0945,"Sep 13, 18",0.048559070011015
2018-09-14,144.0498,144.6739,142.3233,142.6561,7438817,7438817,-0.707246,-0.493,142.977,"Sep 14, 18",0.0433858819433576
2018-09-17,142.6561,145.0483,142.3025,143.1554,6869242,6869242,0.499233,0.35,143.4986,"Sep 17, 18",0.04703775922623786
2018-09-18,144.1122,144.9235,141.4289,141.5121,8336134,8336134,-1.6433,-1.148,142.2126,"Sep 18, 18",0.035018672627084364
2018-09-19,141.5329,143.9146,140.5552,142.9682,10474538,10474538,1.4561,1.029,142.8417,"Sep 19, 18",0.045668579519938676
2018-09-20,144.341,146.3588,144.341,145.6723,8720207,8720207,2.7042,1.891,145.6809,"Sep 20, 18",0.0654463511214548
2018-09-21,146.6084,146.9828,144.341,144.9651,13301711,13301711,-0.707247,-0.486,145.6551,"Sep 21, 18",0.06027389445321319
2018-09-24,144.4243,144.8272,141.5329,141.8657,6725265,6725265,-3.0994,-2.138,142.1297,"Sep 24, 18",0.03760490096120517
2018-09-25,141.9073,142.885,141.2208,141.3456,6099851,6099851,-0.520035,-0.367,141.8521,"Sep 25, 18",0.03380089259984695
2018-09-26,139.952,140.8256,138.4542,139.1407,13000236,13000236,-2.2049,-1.56,139.4449,"Sep 26, 18",0.017674266881795714
2018-09-27,139.3695,139.4735,135.6877,135.8957,15278109,15278109,-3.245,-2.332,136.5207,"Sep 27, 18",-0.006059644159556181
2018-09-28,135.2924,135.4172,133.3579,133.7739,12944817,12944817,-2.1217,-1.561,134.148,"Sep 28, 18",-0.021578476963112592
2018-10-01,134.7308,136.7901,134.6372,134.8348,11676262,11676262,1.0609,0.793,135.3869,"Oct 1, 18",-0.013819060561334386
2018-10-02,135.0012,136.1453,134.5852,134.8348,6973907,6973907,0,0,135.1497,"Oct 2, 18",-0.013819060561334386
2018-10-03,135.3132,135.6461,133.3371,133.9403,11174204,11174204,-0.894459,-0.663,134.3526,"Oct 3, 18",-0.020361428335290963
2018-10-04,133.6907,133.7644,131.6938,133.1499,8872995,8872995,-0.790452,-0.59,132.7239,"Oct 4, 18",-0.026142409317443393
2018-10-05,132.6715,133.5659,130.8201,131.4442,7675999,7675999,-1.7057,-1.281,131.5417,"Oct 5, 18",-0.038617889152030155
2018-10-08,131.0489,132.0474,130.3521,131.3818,9841878,9841878,-0.062406,-0.047,131.2656,"Oct 8, 18",-0.039074282387463216
2018-10-09,130.5913,130.7161,126.0807,126.5558,15096273,15096273,-4.8259,-3.673,127.7605,"Oct 9, 18",-0.07437161819195133
2018-10-10,125.911,126.4518,122.7492,123.394,19101791,19101791,-3.1618,-2.498,124.2597,"Oct 10, 18",-0.09749700491939241
2018-10-11,122.9412,125.3077,122.3331,122.6868,14969348,14969348,-0.707251,-0.573,123.7443,"Oct 11, 18",-0.10266946158763401
2018-10-12,125.5574,127.0967,122.8324,124.1013,11296673,11296673,1.4145,1.153,124.4319,"Oct 12, 18",-0.09232381685173512
2018-10-15,124.1637,125.0165,122.562,122.6036,6355398,6355398,-1.4977,-1.207,123.3499,"Oct 15, 18",-0.10327798590154484
2018-10-16,123.29,126.0358,122.5828,125.3494,8542451,8542451,2.7458,2.24,124.8019,"Oct 16, 18",-0.08319522074365762
2018-10-17,124.6213,124.8917,122.7284,123.9141,7803981,7803981,-1.4353,-1.145,123.8705,"Oct 17, 18",-0.09369299655803429
2018-10-18,123.1444,124.0181,121.2099,121.8547,8812733,8812733,-2.0593,-1.662,122.3467,"Oct 18, 18",-0.10875543612615764
2018-10-19,119.1713,122.0211,118.9633,119.5874,14036405,14036405,-2.2674,-1.861,120.1573,"Oct 19, 18",-0.12533845507964203
2018-10-22,120.1906,120.5234,116.0095,116.6336,13293107,13293107,-2.9538,-2.47,117.1526,"Oct 22, 18",-0.1469425310223062
2018-10-23,114.4494,114.907,111.6828,113.7422,18129079,18129079,-2.8914,-2.479,113.4334,"Oct 23, 18",-0.16809021372953728
2018-10-24,113.4717,113.8254,109.3635,109.5819,19487584,19487584,-4.1603,-3.658,110.7936,"Oct 24, 18",-0.1985186236233234
2018-10-25,111.0588,111.558,109.2424,110.0811,12897278,12897278,0.499235,0.456,110.2692,"Oct 25, 18",-0.1948674777398587
2018-10-26,108.9786,110.0291,106.7529,108.1674,22392555,22392555,-1.9137,-1.738,108.2977,"Oct 26, 18",-0.20886426835922242
2018-10-29,109.8939,110.9548,106.9817,108.313,13179095,13179095,0.145607,0.135,109.3277,"Oct 29, 18",-0.20779935080987855
2018-10-30,108.2714,110.4971,107.2313,109.4779,15344570,15344570,1.1649,1.075,108.7985,"Oct 30, 18",-0.19927927901571185
2018-10-31,111.246,113.5653,110.622,112.1613,16013363,16013363,2.6834,2.451,112.1098,"Oct 31, 18",-0.17965290709325782
2018-11-01,121.7507,123.7892,117.2992,121.2099,23333839,23333839,9.0486,8.068,120.2583,"Nov 1, 18",-0.1134714995589661
2018-11-02,122.0627,123.1652,118.1105,120.0866,14988600,14988600,-1.1233,-0.927,120.0514,"Nov 2, 18",-0.12168730919617736
2018-11-05,120.7522,120.8354,119.0049,119.8786,8989274,8989274,-0.208013,-0.173,119.82,"Nov 5, 18",-0.1232086199809543
2018-11-06,119.629,121.5635,119.3793,120.6898,7445643,7445643,0.811253,0.677,120.4794,"Nov 6, 18",-0.1172755079203242
2018-11-07,122.3123,124.5589,121.1377,124.4549,12124027,12124027,3.7651,3.12,123.1651,"Nov 7, 18",-0.0897375885176143
2018-11-08,123.5604,125.7446,123.1444,123.6436,12302352,12302352,-0.811255,-0.652,124.3932,"Nov 8, 18",-0.09567143197766007
2018-11-09,123.9765,123.9765,120.1386,122.0627,11663211,11663211,-1.5809,-1.279,121.6927,"Nov 9, 18",-0.1072341253413806
2018-11-12,122.1459,122.8324,119.6706,120.0242,9631182,9631182,-2.0385,-1.67,120.9037,"Nov 12, 18",-0.12214370243161052
2018-11-13,120.2946,122.4788,119.4834,119.5458,9132874,9132874,-0.478433,-0.399,120.8336,"Nov 13, 18",-0.12564271723659745
2018-11-14,121.0019,121.9587,118.9113,120.6066,9854087,9854087,1.0609,0.887,120.356,"Nov 14, 18",-0.11788403223423502
2018-11-15,119.525,123.3524,118.7345,122.1667,12966926,12966926,1.5601,1.294,121.3157,"Nov 15, 18",-0.10647346994899214
2018-11-16,121.7091,123.602,121.3347,123.1236,11280139,11280139,0.956865,0.783,122.4631,"Nov 16, 18",-0.0994747089396025
2018-11-19,122.7908,124.0597,119.8994,120.2322,8774701,8774701,-2.8914,-2.348,121.2122,"Nov 19, 18",-0.12062239164683349
2018-11-20,118.4017,118.7761,116.0095,117.2576,14468242,14468242,-2.9746,-2.474,117.2672,"Nov 20, 18",-0.1423785986679754
2018-11-21,117.84,120.1906,117.3408,118.5057,9070154,9070154,1.2481,1.064,119.1075,"Nov 21, 18",-0.13325000255989788
2018-11-23,116.904,118.3809,116.3215,117.3824,3893586,3893586,-1.1233,-0.948,117.5963,"Nov 23, 18",-0.14146581219710916
2018-11-26,118.0897,120.6898,117.9856,119.941,10066480,10066480,2.5586,2.18,119.8506,"Nov 26, 18",-0.12275222674552123
2018-11-27,118.8801,119.4001,117.4864,118.9425,7230229,7230229,-0.998468,-0.832,118.4713,"Nov 27, 18",-0.13005524991186637
2018-11-28,119.0049,120.461,116.8416,119.0257,14862705,14862705,0.083205,0.07,118.8216,"Nov 28, 18",-0.12944672559795556
2018-11-29,119.2561,120.7638,118.8582,119.8633,9839152,9839152,0.837615,0.704,119.8841,"Nov 29, 18",-0.12332052409156537
2018-11-30,119.1932,121.49,119.1932,121.1407,13688647,13688647,1.2774,1.066,120.8254,"Nov 30, 18",-0.1139776279546708
2018-12-03,124.8053,126.0722,122.46,123.8839,13018743,13018743,2.7432,2.264,124.0708,"Dec 3, 18",-0.0939138791815933
2018-12-04,123.4442,123.4442,117.9787,118.2928,11870833,11870833,-5.5911,-4.513,119.6787,"Dec 4, 18",-0.13480715191604703
2018-12-06,115.759,117.0992,112.5551,117.0992,14819527,14819527,-1.1936,-1.009,114.9705,"Dec 6, 18",-0.1435371353425363
2018-12-07,117.5808,119.9262,112.0525,112.5551,17496786,17496786,-4.5441,-3.881,115.0211,"Dec 7, 18",-0.17677265619400223
2018-12-10,111.906,113.2252,109.3512,112.6598,15108460,15108460,0.104703,0.093,111.3412,"Dec 10, 18",-0.1760068810057034
2018-12-11,115.0889,116.5129,111.1312,111.529,12075269,12075269,-1.1308,-1.004,113.1443,"Dec 11, 18",-0.1842775455990966
2018-12-12,113.6126,115.1622,112.8127,113.8115,15666636,15666636,2.2825,2.047,113.9836,"Dec 12, 18",-0.1675833539344169
2018-12-13,114.1885,114.8586,111.906,112.6179,10367115,10367115,-1.1936,-1.049,113.449,"Dec 13, 18",-0.17631333736090604
2018-12-14,111.55,112.953,110.0841,110.5239,11842402,11842402,-2.0941,-1.859,111.1693,"Dec 14, 18",-0.1916288411268817
2018-12-17,110.147,111.6547,107.2258,108.2204,15261758,15261758,-2.3035,-2.084,109.4495,"Dec 17, 18",-0.20847662666887062
2018-12-18,109.4559,111.5081,108.5764,109.4978,15975122,15975122,1.2774,1.18,110.203,"Dec 18, 18",-0.19913373053197606
2018-12-19,109.8328,113.7278,108.5555,109.2256,19137249,19137249,-0.272227,-0.249,110.8268,"Dec 19, 18",-0.2011245997416697
2018-12-20,108.011,110.482,105.7285,106.8802,21002429,21002429,-2.3453,-2.147,107.7583,"Dec 20, 18",-0.21827884163886127
2018-12-21,106.4405,109.5606,105.8123,105.9379,24348715,24348715,-0.942321,-0.882,106.9698,"Dec 21, 18",-0.2251708183335503
2018-12-24,105.4982,106.0007,102.6084,102.7968,8354914,8354914,-3.1411,-2.965,104.2156,"Dec 24, 18",-0.2481448053819294
2018-12-26,103.4879,109.3722,102.378,109.3722,13490256,13490256,6.5753,6.396,105.9656,"Dec 26, 18",-0.2000523681981682
2018-12-27,107.0896,111.6965,106.9431,111.6756,12439205,12439205,2.3035,2.106,109.3159,"Dec 27, 18",-0.1832053140555951
2018-12-28,112.4085,113.2252,110.5448,111.0265,10648714,10648714,-0.649154,-0.581,111.6549,"Dec 28, 18",-0.18795282766328125
2018-12-31,111.1521,113.0786,110.4401,111.9897,10921197,10921197,0.963263,0.868,111.4026,"Dec 31, 18",-0.18090798849069878
2019-01-02,109.9166,115.0261,109.5397,114.1675,11760804,11760804,2.1778,1.945,113.5597,"Jan 2, 19",-0.16497957201431782
2019-01-03,113.4974,113.5603,109.4559,109.9585,11912323,11912323,-4.209,-3.687,110.6483,"Jan 3, 19",-0.19576417342357824
2019-01-04,112.5342,115.068,112.17,114.6073,13870741,13870741,4.6488,4.228,113.957,"Jan 4, 19",-0.16176287738381356
2019-01-07,114.7539,116.2302,113.3508,114.6701,10993901,10993901,0.062823,0.055,114.9895,"Jan 7, 19",-0.16130355855071737
2019-01-08,116.0522,117.5599,115.2355,115.9893,10134749,10134749,1.3193,1.15,116.2092,"Jan 8, 19",-0.15165493745803593
2019-01-09,116.3872,117.3924,115.0051,116.471,7473213,7473213,0.481631,0.415,116.3058,"Jan 9, 19",-0.1481317864723289
2019-01-10,115.1517,116.7223,114.1466,116.5966,10311038,10311038,0.125642,0.108,115.8948,"Jan 10, 19",-0.14721314880613676
2019-01-11,115.6752,116.6906,114.5654,115.759,7160430,7160430,-0.837618,-0.718,115.5847,"Jan 11, 19",-0.15333935031252693
2019-01-14,114.1885,116.806,113.6859,115.9684,8960614,8960614,0.209404,0.181,115.8238,"Jan 14, 19",-0.15180779993592936
2019-01-15,114.8376,116.2406,113.8744,115.1936,6263312,6263312,-0.774798,-0.668,114.8766,"Jan 15, 19",-0.15747468260922348
2019-01-16,114.7329,117.2458,114.6492,116.0103,7827782,7827782,0.81668,0.709,116.4504,"Jan 16, 19",-0.15150134358072673
2019-01-17,116.0731,119.5492,115.8637,119.4445,10668551,10668551,3.4342,2.96,118.2648,"Jan 17, 19",-0.1263836248447604
2019-01-18,120.68,122.5647,120.3031,121.5805,12061580,12061580,2.1359,1.788,121.4095,"Jan 18, 19",-0.11076093332416644
2019-01-22,120.7847,121.0569,117.0154,117.7693,11787618,11787618,-3.8112,-3.135,118.0983,"Jan 22, 19",-0.13863602785754092
2019-01-23,117.9787,118.5441,116.7641,118.1672,9649286,9649286,0.397869,0.338,117.7662,"Jan 23, 19",-0.1357257895822393
2019-01-24,117.4552,118.8163,117.0992,117.9578,9056107,9056107,-0.209404,-0.177,118.0663,"Jan 24, 19",-0.13725733995883677
2019-01-25,119.6749,122.083,119.5911,120.9522,7719002,7719002,2.9945,2.539,121.1499,"Jan 25, 19",-0.11535631585337483
2019-01-28,119.5492,121.9783,119.2351,121.727,16632873,16632873,0.774798,0.641,121.1585,"Jan 28, 19",-0.10968943318008072
2019-01-29,121.4339,123.2766,121.4339,122.5437,8548566,8548566,0.81668,0.671,122.5495,"Jan 29, 19",-0.10371609415158396
2019-01-30,122.6484,125.7895,122.3343,124.1352,16310423,16310423,1.5915,1.299,124.0881,"Jan 30, 19",-0.09207587244979308
2019-01-31,114.0628,119.3398,112.3744,112.6808,34754729,34754729,-11.4544,-9.227,113.9159,"Jan 31, 19",-0.17585328712839418
2019-02-01,111.906,113.1412,110.5029,111.9688,21033673,21033673,-0.711977,-0.632,111.7418,"Feb 1, 19",-0.1810608509685922
2019-02-04,111.3196,111.3196,109.9585,111.2568,16136526,16136526,-0.711976,-0.636,110.706,"Feb 4, 19",-0.18626841480879025
2019-02-05,111.2359,113.8953,111.0893,113.6231,14272856,14272856,2.3663,2.127,113.1696,"Feb 5, 19",-0.16896131043370524
2019-02-06,112.5237,113.7068,111.3196,111.4243,11508249,11508249,-2.1987,-1.935,112.0847,"Feb 6, 19",-0.18504332078739533
2019-02-07,110.5448,110.9008,107.8226,109.2675,12874672,12874672,-2.1569,-1.936,109.0287,"Feb 7, 19",-0.20081814338646706
2019-02-08,108.2414,108.8905,106.4405,108.2832,10415980,10415980,-0.984204,-0.901,107.6635,"Feb 8, 19",-0.20801730783577452
2019-02-11,109.5397,109.5397,108.4717,108.8905,11651408,11651408,0.607276,0.561,108.8741,"Feb 11, 19",-0.20357551918387523
2019-02-12,110.0004,112.0839,109.1209,111.7384,11942456,11942456,2.8479,2.615,110.9512,"Feb 12, 19",-0.182745995222499
2019-02-13,112.6808,112.7645,111.194,111.2777,9403541,9403541,-0.46069,-0.412,111.8423,"Feb 13, 19",-0.1861155523308968
2019-02-14,110.6076,111.7384,110.2517,110.2726,7923412,7923412,-1.0051,-0.903,110.7868,"Feb 14, 19",-0.19346684785868193
2019-02-15,111.4243,113.6859,111.2568,113.5812,13438127,13438127,3.3086,3,112.3526,"Feb 15, 19",-0.1692677667889079
2019-02-19,112.4085,115.2355,112.4085,114.3141,10146621,10146621,0.732918,0.645,114.1091,"Feb 19, 19",-0.16390734047081643
2019-02-20,114.3141,118.6278,114.0628,117.7693,11690044,11690044,3.4552,3.023,117.2873,"Feb 20, 19",-0.13863602785754092
2019-02-21,117.853,118.9838,115.047,115.7171,11003589,11003589,-2.0522,-1.743,116.0492,"Feb 21, 19",-0.1536458066677296
2019-02-22,116.5757,117.1201,114.356,115.1098,8961231,8961231,-0.607274,-0.525,115.2011,"Feb 22, 19",-0.1580875953196288
2019-02-25,115.6543,118.1043,115.3402,117.4342,11028710,11028710,2.3244,2.019,117.1926,"Feb 25, 19",-0.14108694729974644
2019-02-26,117.162,117.8321,116.4082,117.0154,7543985,7543985,-0.41881,-0.357,117.2468,"Feb 26, 19",-0.1441500480529416
2019-02-27,116.8678,117.0154,114.6329,115.3709,10926395,10926395,-1.6446,-1.405,115.3553,"Feb 27, 19",-0.15617791144508428
2019-02-28,115.1811,115.1811,111.4493,112.2294,13506381,13506381,-3.1415,-2.723,112.2976,"Feb 28, 19",-0.1791548240911265
2019-03-01,113.4944,113.9582,110.7219,112.4613,11375992,11375992,0.231922,0.207,111.9366,"Mar 1, 19",-0.1774587088459834
2019-03-04,113.1149,114.8859,111.892,114.3799,9814201,9814201,1.9186,1.706,113.4734,"Mar 4, 19",-0.1634260796552475
2019-03-05,113.9372,114.2534,112.8619,113.1781,7044037,7044037,-1.2018,-1.051,113.426,"Mar 5, 19",-0.17221603783382894
2019-03-06,113.5155,115.9817,113.5155,114.8438,9439964,9439964,1.6656,1.472,114.9759,"Mar 6, 19",-0.1600331177655455
2019-03-07,114.148,115.2865,112.3137,114.9492,12250310,12250310,0.105418,0.092,113.946,"Mar 7, 19",-0.1592622227813364
2019-03-08,114.2323,115.3709,112.7143,115.2865,10604139,10604139,0.337342,0.293,114.5146,"Mar 8, 19",-0.15679521255198417
2019-03-11,116.2353,118.3331,115.6871,117.1841,11854537,11854537,1.8975,1.646,117.2634,"Mar 11, 19",-0.1429161772385576
2019-03-12,117.7955,118.7759,116.9521,117.163,12235081,12235081,-0.021085,-0.018,117.7827,"Mar 12, 19",-0.14307050251528258
2019-03-13,118.0063,118.7021,117.0154,117.8588,10127278,10127278,0.695768,0.594,118.0068,"Mar 13, 19",-0.13798142538043737
2019-03-14,117.5636,118.2277,115.7504,116.0245,8184567,8184567,-1.8343,-1.556,116.5357,"Mar 14, 19",-0.15139748486368904
2019-03-15,116.0245,117.9262,115.919,116.5516,17163470,17163470,0.527096,0.454,116.4681,"Mar 15, 19",-0.14754227854322793
2019-03-18,116.5937,117.2789,115.2444,116.404,10202995,10202995,-0.147586,-0.127,116.4045,"Mar 18, 19",-0.14862182408088692
2019-03-19,117.0576,118.797,115.5606,116.1299,19770399,19770399,-0.27409,-0.235,116.6964,"Mar 19, 19",-0.15062658987947994
2019-03-20,115.7715,116.8046,114.5064,115.9823,13562777,13562777,-0.147588,-0.127,115.6005,"Mar 20, 19",-0.15170613541713904
2019-03-21,115.0546,119.419,114.9913,117.9009,16503699,16503699,1.9186,1.654,118.1383,"Mar 21, 19",-0.13767350622640326
2019-03-22,116.5937,116.8046,113.0305,113.6841,13462640,13462640,-4.2168,-3.577,114.3346,"Mar 22, 19",-0.16851515679009274
2019-03-25,113.136,114.2323,112.2715,112.3137,15950882,15950882,-1.3704,-1.205,113.0087,"Mar 25, 19",-0.1785382543836424
2019-03-26,113.9372,114.0004,111.133,112.1239,13859058,13859058,-0.189754,-0.169,112.0756,"Mar 26, 19",-0.17992645047475128
2019-03-27,112.2504,112.5456,110.1315,111.0276,11013655,11013655,-1.0964,-0.978,110.9321,"Mar 27, 19",-0.18794478226970784
2019-03-28,110.6902,111.4282,109.7626,111.1541,10133218,10133218,0.126504,0.114,110.6963,"Mar 28, 19",-0.18701956200877384
2019-03-29,108.118,112.4824,108.0548,112.398,19805408,19805408,1.2439,1.119,110.3275,"Mar 29, 19",-0.1779216846761583
2019-04-01,113.6209,115.7715,112.883,114.7383,31947570,31947570,2.3403,2.082,114.7104,"Apr 1, 19",-0.1608047441491704
2019-04-02,76.9982,78.3687,76.0916,76.935,22565272,22565272,-37.8034,-32.947,77.2673,"Apr 2, 19",-0.4372978594864698
2019-04-03,77.5253,79.7813,77.0088,78.7482,28021636,28021636,1.8132,2.357,78.7918,"Apr 3, 19",-0.4240361252799431
2019-04-04,78.9169,79.6759,77.5253,79.6548,21978128,21978128,0.906604,1.151,78.6617,"Apr 4, 19",-0.4174052581766798
2019-04-05,80.0132,80.8671,79.4018,79.9078,17653079,17653079,0.253007,0.318,80.2221,"Apr 5, 19",-0.41555481765481167
2019-04-08,79.3596,80.4982,79.1277,80.4138,11854316,11854316,0.506013,0.633,79.89,"Apr 8, 19",-0.41185393661107544
2019-04-09,80.0132,80.962,79.3807,80.5825,13993172,13993172,0.168671,0.21,80.3594,"Apr 9, 19",-0.41062006579669147
2019-04-10,80.3927,81.3204,80.3084,81.1728,10712230,10712230,0.590347,0.733,80.9133,"Apr 10, 19",-0.4063026150454711
2019-04-11,80.8988,82.2797,80.3295,81.9951,11925154,11925154,0.822271,1.013,81.8319,"Apr 11, 19",-0.4002883176496919
2019-04-12,82.5222,83.3234,81.8475,83.218,13297271,13297271,1.2229,1.491,82.6823,"Apr 12, 19",-0.39134403419438546
2019-04-15,83.218,83.3517,81.7421,82.0162,7413039,7413039,-1.2018,-1.444,82.3597,"Apr 15, 19",-0.4001339923729669
2019-04-16,81.6999,82.6487,81.4048,82.5433,9660494,9660494,0.527097,0.643,82.1651,"Apr 16, 19",-0.39627878605250566
2019-04-17,83.0493,83.4077,82.3114,82.6487,8320149,8320149,0.10542,0.128,82.731,"Apr 17, 19",-0.39550789106829654
2019-04-18,82.7963,82.8385,81.4153,82.227,7169621,7169621,-0.421678,-0.51,82.1213,"Apr 18, 19",-0.3985922024045487
2019-04-22,81.5102,81.6367,80.6247,80.7933,6629905,6629905,-1.4337,-1.744,81.0101,Apr 22,-0.4090782758282732
2019-04-23,80.1608,81.0042,79.8235,80.709,10305603,10305603,-0.084335,-0.104,80.5541,Apr 23,-0.40969484553575736
2019-04-24,80.9831,81.4786,80.2662,80.7301,7222247,7222247,0.021085,0.026,80.8296,Apr 24,-0.4095405202590324
2019-04-25,80.3084,80.3717,78.9801,79.2753,10019942,10019942,-1.4548,-1.802,79.6426,Apr 25,-0.4201809189594819
2019-04-26,79.0645,80.2662,78.9169,80.1187,7754690,7754690,0.843354,1.064,79.8104,Apr 26,-0.41401229628697767
2019-04-29,80.203,80.456,79.5494,80.0343,13563150,13563150,-0.084336,-0.105,79.9769,Apr 29,-0.41462959739387756
2019-04-30,80.2241,81.1518,79.7181,81.0674,14294661,14294661,1.0331,1.291,80.653,Apr 30,-0.4070735100296801
2019-05-01,80.9409,81.5102,78.6639,78.6639,13776377,13776377,-2.4036,-2.965,80.1017,May 1,-0.42465269498742725
2019-05-02,78.0924,78.0924,71.9022,73.373,25473132,25473132,-5.2908,-6.726,74.0889,May 2,-0.463350306675775
2019-05-03,73.7116,74.6005,72.7432,73.8386,14819009,14819009,0.465592,0.635,73.5249,May 3,-0.4599449109960051
2019-05-06,71.9551,72.2937,70.6853,71.1509,20020617,20020617,-2.6877,-3.64,71.3372,May 6,-0.47960273309333684
2019-05-07,70.3255,70.3678,67.8071,68.0187,23905087,23905087,-3.1322,-4.402,68.7038,May 7,-0.5025116255937135
2019-05-08,68.1457,68.4208,67.0029,67.0452,23196809,23196809,-0.97351,-1.431,67.4428,May 8,-0.5096317989061191
2019-05-09,66.1352,66.6643,65.2146,65.5849,19898629,19898629,-1.4603,-2.178,65.7219,May 9,-0.5203124245744352
2019-05-10,65.1405,67.1404,64.3575,66.6219,18567114,18567114,1.037,1.581,65.6922,May 10,-0.5127278126330232
2019-05-13,64.8654,64.9077,63.7014,63.9977,14642265,14642265,-2.6242,-3.939,64.2408,May 13,-0.5319211961013485
2019-05-14,64.3151,65.7754,64.1458,65.0982,14217925,14217925,1.1005,1.72,65.1455,May 14,-0.5238721455309301
2019-05-15,64.2305,64.95,63.6168,63.7014,15508536,15508536,-1.3968,-2.146,64.1909,May 15,-0.5340883325702399
2019-05-16,64.3151,65.3521,64.0294,65.1828,17371256,17371256,1.4814,2.326,64.9293,May 16,-0.5232533816251987
2019-05-17,64.4421,66.2622,64.3151,65.5426,14015462,14015462,0.359775,0.552,65.5236,May 17,-0.520621806527301
2019-05-20,64.8231,66.3362,64.7807,65.6696,12470654,12470654,0.12698,0.194,65.794,May 20,-0.5196929292692881
2019-05-21,66.6219,68.3785,66.5585,67.7013,15978051,15978051,2.0317,3.094,67.7805,May 21,-0.5048330873393297
2019-05-22,67.3415,68.315,67.1193,67.1299,13426216,13426216,-0.571408,-0.844,67.5978,May 22,-0.5090123036009718
2019-05-23,66.1775,66.2622,64.8442,65.4791,17621770,17621770,-1.6507,-2.459,65.5269,May 23,-0.5210862451563073
2019-05-24,66.368,66.4103,64.95,65.7754,9551137,9551137,0.296286,0.452,65.583,May 24,-0.518919108687416
2019-05-28,65.7754,65.987,64.95,65.1194,16938595,16938595,-0.656061,-0.997,65.3296,May 28,-0.5237170888547894
2019-05-29,64.3151,66.114,63.9765,65.7966,14494066,14494066,0.677224,1.04,65.3664,May 29,-0.5187640520112753
2019-05-30,65.987,66.4526,65.6273,65.9659,14675282,14675282,0.169306,0.257,65.9754,May 30,-0.5175257928003967
2019-05-31,64.8654,64.9289,63.8178,64.5903,16206399,16206399,-1.3756,-2.085,64.4442,May 31,-0.5275869231635658